맵 이름,강주,주,1,2,3,4
빌리지 고가의 질주,,,,,,
빌리지 남산,,,,,,
비치 해변 드라이브,,,,,,
WKC 싱가폴 서킷,,,,,,
1920 아슬아슬 비행장,,,,,,
차이나 라사,,,,,,
차이나 용의 운하,,,,,,
쥐라기 공룡 무덤,,,,,,
WKC 코리아 서킷,,,,,,
월드 두바이 다운타운,,,,,,
도검 야외 수련관,,,,,,
월드 리오 다운힐,,,,,,
쥐라기 공룡 결투장,,,,,,
문힐시티 폭우속의 질주,,,,,,
메카닉 잊혀진 도시의 중심부,,,,,,
빌리지 운명의 다리,,,,,,
도검 용의 길,,,,,,
네오 장난감 선물 공장,,,,,,
브로디 비밀의 연구소,,,,,,
노르테유 전투비행장,,,,,,
[R]빌리지 고가의 질주,,,,,,
빌리지 익스트림 경기장,,,,,,
월드 파리 에펠탑 다이브,,,,,,
월드 뉴욕 대질주,,,,,,
월드 이탈리아 피사의 사탑,,,,,,
차이나 청명한 하늘의 서호,,,,,,
신화 신들의 세계,,,,,,
펙토리 부비트랩 공장 탐험,,,,,,
[R]해적 로비 절벽의 전투,,,,,,
동화 마녀의 성,,,,,,
문힐시티 지피의 시청광장,,,,,,
광산 아슬아슬 궤도 전차,,,,,,
차이나 서안 병마용,,,,,,
빌리지 만리장성,,,,,,
해적 로비 절벽의 전투,,,,,,
님프 바다신전의 비밀,,,,,,
포레스트 지그재그,,,,,,
WKC 브라질 서킷,,,,,,
사막 빙글빙글 공사장,,,,,,
대저택 은밀한 지하실,,,,,,
차이나 황산,,,,,,
해적 숨겨진 보물,,,,,,
빌리지 붐힐 터널,,,,,,
아이스 갈라진 빙산,,,,,,
황금문병 비밀장치의 위협,,,,,,
네모 산타의 비밀 공간,,,,,,
황금문명 오르에트 황금 좌표,,,,,,
차이나 골목길 대질주,,,,,,
해적 가파른 감시탑,,,,,,
도검 구름의 협곡,,,,,,
팩토리 두 개의 공장,,,,,,
해적 상어섬의 비밀,,,,,,
포레스트 오싹한 공중다리,,,,,,
포레스트 대관령,,,,,,
광산 3개의 지름길,,,,,,
동화 이상한 나라의 문,,,,,,
노르테유 익스프레스,,,,,,
광산 꼬불꼬불 다운힐,,,,,,
팩토리 미완성 5구역,,,,,,
포레스트 아찔한 다운힐,,,,,,
공동묘지 마왕의 초대,,,,,,
아이스 설산 다운힐,,,,,,
[R]포레스트 지그재그,,,,,,
문힐시티 숨겨진 지하터널,,,,,,